{
 "build": "hecd8cb5_0",
 "build_number": 0,
 "channel": "https://repo.anaconda.com/pkgs/main/osx-64",
 "constrains": [],
 "depends": [],
 "extracted_package_dir": "",
 "features": "",
 "files": [
  "ssl/cacert.pem",
  "ssl/cert.pem"
 ],
 "fn": "ca-certificates-2024.12.31-hecd8cb5_0.conda",
 "legacy_bz2_md5": "f23596dcfc737eb88e15a1113e092a7d",
 "license": "MPL-2.0",
 "license_family": "Other",
 "link": {
  "source": "",
  "type": 1
 },
 "md5": "9bcc0df7d583b34b86087fd8b43bb20d",
 "name": "ca-certificates",
 "package_tarball_full_path": "",
 "paths_data": {
  "paths": [
   {
    "_path": "ssl/cacert.pem",
    "path_type": "hardlink",
    "sha256": "a3f328c21e39ddd1f2be1cea43ac0dec819eaa20a90425d7da901a11531b3aa5",
    "sha256_in_prefix": "a3f328c21e39ddd1f2be1cea43ac0dec819eaa20a90425d7da901a11531b3aa5",
    "size_in_bytes": 231212
   },
   {
    "_path": "ssl/cert.pem",
    "path_type": "softlink",
    "sha256": "a3f328c21e39ddd1f2be1cea43ac0dec819eaa20a90425d7da901a11531b3aa5",
    "size_in_bytes": 231212
   }
  ],
  "paths_version": 1
 },
 "requested_spec": "None",
 "sha256": "86b49aea07afc55bcc86990b1ff81313649cd182317d131dad270faec9a2679e",
 "size": 132331,
 "subdir": "osx-64",
 "timestamp": 1736360403971,
 "track_features": "",
 "url": "https://repo.anaconda.com/pkgs/main/osx-64/ca-certificates-2024.12.31-hecd8cb5_0.conda",
 "version": "2024.12.31"
}